job_title,company,location
Senior Frontend Engineer,Arize AI,Remote
Site Reliability Engineer,Wormhole Foundation,Remote
Product Manager Wallet SDKs,Startale,Remote
Growth Marketing Manager,InfStones,Texas
Senior Data Engineer,Nansen.ai,"Remote EMEA, Remote Asia"
Social Media Manager,GiveDirectly,Nairobi
Senior Full Stack Engineer,Teleport,United States
Project Director Campus Action Planning,Campus Compact,Remote - Anywhere in the U.S.
Member Support Specialist,DISQO,Yerevan
Product Manager GeckoTerminal,CoinGecko,Malaysia
Senior Analytics Engineer,Alpaca,Remote - North America
Growth Marketer,BitMEX,Remote - Europe
BIM Modeler,Sanctuary,New Delhi
Commercial Pilots AI Trainer,Handshake,San Francisco
Senior Director Global Support,Elite Technology,US - Remote
Medical Affairs Writer Contract,Kyverna Therapeutics,Remote
Executive Director Patient Advocacy,Kyverna Therapeutics,Remote
Manager Commercial Sales,Cribl,Remote - United States
SEC Reporting Manager,HighLevel,United States
Director Medical Information,Kyverna Therapeutics,Remote
Associate Medical Writer,Precision AQ,"Remote, United States"
Junior Account Manager,Unlimited Technology,Remote
Vice President Commercial & Channel Sales,DNSFilter,Remote
Managing Director AMER Advertising Solutions,Kochava,United States
SaaS Business Development Representative U.S. Eastern Time Zone,Buynomics,Eastern Time Zone (EST) USA
Web Analyst Web Data and Analytics,Best Egg,Remote / Flexible
Software Engineer Infrastructure,xAI,Palo Alto
Senior Data Engineer,HugeInc,United States
Performance Application Engineer Intelligent Factory,Intrinsic,Mountain View
Software Manager Exchange,GHX,Louisville
Staff Software Engineer Backend,Leona Health,San Francisco 
AI Engineer,Magna Legal Services,Remote
Executive Virtual Assistant,Offshore Launch,Remote
Data Engineer,Sayari,Remote - US
Director of Narrative and Video Storytelling,Field AI,"Irvine, CA"
Senior GenAI Technical Lead Partner Platforms,2100 NVIDIA USA,"US, CA, Santa Clara"
Current openings,Sezzle,Remote
Senior DevOps Engineer,Little Thinking Minds,Amman
Senior Research Engineer OLMo,The Allen Institute for Artificial Intelligence,"Seattle, WA"
Head of Studio Standards and Business,Samsung Research America,Irvine
Staff User Researcher,Nourish,New York
Operations Recruiter,Field AI,"Irvine, CA"
Full Stack Software Engineer III Angular Java,MeridianLink,
JumpCloud,JumpCloud,
Marketing Strategist,OneLocal,Remote
Software Engineer,Field Nation,Dhaka
Platform Security Engineer,Braze,Bucharest
Lead Medical Writer Medical Communications,Avalere Health ,
Senior Product Marketing Manager Cloud Security,"Tenable, Inc.",Columbia
Software Engineer Integrations,Deposco,Alpharetta
The SafetyWing Digital Nomad Residency,SafetyWing,
SDET II SDET III,Netomi,Remote - India
Director IT & Security,HighlightTA,Toronto
Product Owner Payments,Flex,Remote / USA
Community Manager,"Manta Network, Powered by p0x labs",any
Manager Security Product Research,Corelight,North America
Software Engineer III,MeridianLink,
Graphic Designer,Waterfall,Remote
Technical Customer Growth Manager,Immutable,South Korea
Senior Software Engineer Trading Technology,BitMEX,Remote - EMEA
Software Engineer I Dev Tooling,Sumo Logic,Noida
Distributed Systems Engineer,LiveKit,
Sales Enablement and Training Manager,Socure,Carson City
Analytics Engineer,Socure,Carson City
Security Compliance Specialist,LiveKit,
Overnight Customer Support Engineer,"Rebuy, Inc.",
AP Principal US Market Access based role,Avalere Health ,
Member of Technical Staff Atlas,Anchorage Digital,United States
Senior Security Engineer,Loft Orbital Solutions,"Golden, CO or San Francisco"
Caregiver Elderly Support,RYZ Labs,Los Angeles
Physical Therapist,RYZ Labs,Arizona
Polly,Polly,Remote
Khmer US based Medical Translators needed,LILT (Production),San Francisco
Behavior Technician,RYZ Labs,Orlando
Lead Digital Media Planner Buyer,Bluelight Consulting,Granada
Outlast,Outlast,Remote
Senior Security Operations Analyst,The Voleon Group,Berkeley
Commercial Account Representative,Illumio,Remote
Solution Engineer Inside Sales Support,Illumio,Remote
Times Changed We Changed with Them...Maybe You Should Too,Global Elite Texas,"Oregon City, Oregon"
Business Intelligence Analyst,RainFocus,Lehi
Software Engineer II Golang,Stacklok,Remote: Spain
Career,Syngenta,Not specified
Senior Web Scraping Engineer Python,Oxylabs ,Poland
Events Marketing Manager,Alpaca,Remote - North America or South America
Java Software Engineer,capital.com,
Current openings,BitMEX,Remote
Job Title Here,Cyderes,City Name Here
Vice President Customer Support,Vultr,Remote
Senior Contract Support Specialist,Blue Water Thinking,USA
PHP Laravel Developer Needed ROCKSTARS ONLY,Agent Legend,
Senior Infrastructure Engineer Core Systems,Quicknode,Lisbon
Customer Support Specialist,Pulley,Remote
Staff Software Engineer,NMI,"Remote, US"
Security Engineer Cloud Security,Red Cell Partners,"Seattle, WA"
Senior Software Engineer Platform,Omada Health,"Remote, USA"
Gerente Sr Tecnologia,Skydropx - Frenet,
Senior Platform Infrastructure Engineer II,Braze,New York City
